0x0	__function_selector__
0x27d	()
0x27d	fallback()
0x2cd	name()
0x35d	approve(address,uint256)
0x3d0	mint()
0x3da	reserveFactorMantissa()
0x405	borrowBalanceCurrent(address)
0x46a	totalSupply()
0x495	exchangeRateStored()
0x4c0	transferFrom(address,address,uint256)
0x553	pendingAdmin()
0x5aa	decimals()
0x5db	balanceOfUnderlying(address)
0x640	getCash()
0x66b	_setComptroller(address)
0x6d0	totalBorrows()
0x6fb	repayBorrow()
0x705	comptroller()
0x75c	_reduceReserves(uint256)
0x7ab	accrualBlockNumber()
0x7d6	balanceOf(address)
0x83b	totalBorrowsCurrent()
0x866	redeemUnderlying(uint256)
0x8b5	getOwner()
0x90c	totalReserves()
0x937	symbol()
0x9c7	borrowBalanceStored(address)
0xa2c	initialize(address,address,uint256,string,string,uint8)
0xbe2	accrueInterest()
0xc0d	transfer(address,uint256)
0xc80	borrowIndex()
0xcab	liquidateBorrow(address,address)
0xd0f	supplyRatePerBlock()
0xd3a	seize(address,address,uint256)
0xdc9	_setPendingAdmin(address)
0xe2e	exchangeRateCurrent()
0xe59	getAccountSnapshot(address)
0xed3	borrow(uint256)
0xf22	redeem(uint256)
0xf71	allowance(address,address)
0xff6	repayBorrowBehalf(address)
0x103a	_acceptAdmin()
0x1065	_setInterestRateModel(address)
0x10ca	interestRateModel()
0x1121	admin()
0x1178	borrowRatePerBlock()
0x11a3	_setReserveFactor(uint256)
0x11f2	isCToken()
0x1221	0x1221
0x1332	0x1332
0x161a	0x161a
0x17af	0x17af
0x195a	0x195a
0x1aef	0x1aef
0x1afe	0x1afe
0x1d75	0x1d75
0x1f40	0x1f40
0x20c9	0x20c9
0x2167	0x2167
0x2470	0x2470
0x2b5e	0x2b5e
0x2e2c	0x2e2c
0x33c0	0x33c0
0x3434	0x3434
0x38c2	0x38c2
0x392c	0x392c
0x3f47	0x3f47
0x3f6f	0x3f6f
0x3fad	0x3fad
0x40bf	0x40bf
0x427c	0x427c
0x4385	0x4385
0x4412	0x4412
0x441a	0x441a
0x46b0	0x46b0
0x46fa	0x46fa
0x4726	0x4726
0x4770	0x4770
0x47a2	0x47a2
0x4975	0x4975
0x4e5e	0x4e5e
0x4f65	0x4f65
0x506e	0x506e
0x5182	0x5182
0x5295	0x5295
0x5309	0x5309
0x542a	0x542a
0x5452	0x5452
0x547b	0x547b
0x549a	0x549a
0x54c5	0x54c5
0x5a12	0x5a12
0x5a5d	0x5a5d
0x5fa5	0x5fa5
0x5fef	0x5fef
0x60f3	0x60f3
0x61b2	0x61b2
0x6c0f	0x6c0f
0x704e	0x704e
0x71f3	0x71f3
0x7206	0x7206
0x73ba	0x73ba
