0x1691	['VAR', '0x161b', nil]	0
0x16fe	['VAR', '0x16f0', nil]	0
0x16fe	['VAR', '0x16c0', nil]	1
0x173b	['VAR', '0x172d', nil]	0
0x173b	['VAR', '0x16fe', nil]	1
0x1ae1	['VAR', '0x1ad3', nil]	0
0x1ae1	['VAR', '0x1aa3', nil]	1
0x1f38	['VAR', '0x1f2a', nil]	0
0x1f38	['VAR', '0x1efa', nil]	1
0x2140	['VAR', '0x20ca', nil]	0
0x2cf1	['VAR', '0x2ce3', nil]	0
0x2cf1	['VAR', '0x2cb3', nil]	1
0x2d94	['VAR', '0x2d86', nil]	0
0x2d94	['VAR', '0x2d56', nil]	1
0x2dd1	['VAR', '0x2dc3', nil]	0
0x2dd1	['VAR', '0x2d94', nil]	1
0x3652	['VAR', '0x3644', nil]	0
0x3652	['VAR', '0x3614', nil]	1
0x36b5	['VAR', '0x36a7', nil]	0
0x36b5	['VAR', '0x3677', nil]	1
0x3b82	['VAR', '0x3b74', nil]	0
0x3b82	['VAR', '0x3b44', nil]	1
0x3bbf	['VAR', '0x3bb1', nil]	0
0x3bbf	['VAR', '0x3b82', nil]	1
0x3c15	['VAR', '0x3c07', nil]	0
0x3c15	['VAR', '0x3bd7', nil]	1
0x3c62	['VAR', '0x3c54', nil]	0
0x3c62	['VAR', '0x3c24', nil]	1
0x3cab	['VAR', '0x3c9d', nil]	0
0x3cab	['VAR', '0x3c6d', nil]	1
0x3cef	['VAR', '0x3ce1', nil]	0
0x3cef	['VAR', '0x3cb1', nil]	1
0x3d5a	['VAR', '0x3d4c', nil]	0
0x3d5a	['VAR', '0x3d1c', nil]	1
0x3d97	['VAR', '0x3d89', nil]	0
0x3d97	['VAR', '0x3d5a', nil]	1
0x43c7	['VAR', '0x43b9', nil]	0
0x43c7	['VAR', '0x4389', nil]	1
0x4ba3	['VAR', '0x4b95', nil]	0
0x4ba3	['VAR', '0x4b65', nil]	1
0x4bf0	['VAR', '0x4be2', nil]	0
0x4bf0	['VAR', '0x4bb2', nil]	1
0x4c39	['VAR', '0x4c2b', nil]	0
0x4c39	['VAR', '0x4bfb', nil]	1
0x4c7d	['VAR', '0x4c6f', nil]	0
0x4c7d	['VAR', '0x4c3f', nil]	1
0x56ae	['VAR', '0x56a0', nil]	0
0x56ae	['VAR', '0x5670', nil]	1
0x57a2	['VAR', '0x5794', nil]	0
0x57a2	['VAR', '0x5764', nil]	1
0x57eb	['VAR', '0x57dd', nil]	0
0x57eb	['VAR', '0x57ad', nil]	1
0x5d06	['VAR', '0x5cf8', nil]	0
0x5d06	['VAR', '0x5cc8', nil]	1
0x5d9f	['VAR', '0x5d91', nil]	0
0x5d9f	['VAR', '0x5d61', nil]	1
0x6e24	['VAR', '0x6e16', nil]	0
0x6e24	['VAR', '0x6de6', nil]	1
0x6e6d	['VAR', '0x6e5f', nil]	0
0x6e6d	['VAR', '0x6e2f', nil]	1
0x72230x2404	['VAR', '0x2406', nil]	0
0x72230x241a	['VAR', '0x241d', nil]	0
0x255b	['RETURNDATA', '0x254b', ['0x2554', '0x2553']]	0
0x28e6	['RETURNDATA', '0x28d6', ['0x28df', '0x28de']]	0
0x3288	['RETURNDATA', '0x3278', ['0x3281', '0x3280']]	0
0x3529	['RETURNDATA', '0x3519', ['0x3522', '0x3521']]	0
0x389d	['RETURNDATA', '0x388d', ['0x3896', '0x3895']]	0
0x3a53	['RETURNDATA', '0x3a43', ['0x3a4c', '0x3a4b']]	0
0x3f25	['RETURNDATA', '0x3f15', ['0x3f1e', '0x3f1d']]	0
0x4528	['RETURNDATA', '0x4518', ['0x4521', '0x4520']]	0
0x4ad0	['RETURNDATA', '0x4ac0', ['0x4ac9', '0x4ac8']]	0
0x4e3e	['RETURNDATA', '0x4e2e', ['0x4e37', '0x4e36']]	0
0x55ee	['RETURNDATA', '0x55de', ['0x55e7', '0x55e6']]	0
0x59ec	['RETURNDATA', '0x59dc', ['0x59e5', '0x59e4']]	0
0x5c3e	['RETURNDATA', '0x5c2e', ['0x5c37', '0x5c36']]	0
0x5f87	['RETURNDATA', '0x5f77', ['0x5f80', '0x5f7f']]	0
0x630f	['RETURNDATA', '0x62ff', ['0x6308', '0x6307']]	0
0x63e9	['RETURNDATA', '0x63d9', ['0x63e2', '0x63e1']]	0
0x6623	['RETURNDATA', '0x6613', ['0x661c', '0x661b']]	0
0x674e	['RETURNDATA', '0x673e', ['0x6747', '0x6746']]	0
0x6901	['RETURNDATA', '0x68f1', ['0x68fa', '0x68f9']]	0
0x6be8	['RETURNDATA', '0x6bd8', ['0x6be1', '0x6be0']]	0
0x6d02	['RETURNDATA', '0x6cf2', ['0x6cfb', '0x6cfa']]	0
0x6ff2	['RETURNDATA', '0x6fe2', ['0x6feb', '0x6fea']]	0
0x1be70x66b	['RETURNDATA', '0x1bd70x66b', ['0x66b0x1be0', '0x66b0x1bdf']]	0
0x48df0x27e5	['RETURNDATA', '0x48cf0x27e5', ['0x48d8V0x27e5', '0x48d7V0x27e5']]	0
0x1be70x1afe0x22ea	['RETURNDATA', '0x1bd70x1afe0x22ea', ['0x1afe0x1be0V0x22ea', '0x1afe0x1bdfV0x22ea']]	0
0x5a570x419c	['RETURNDATA', '0x5a420x419c', ['0x5a50V0x419c', '0x5a4fV0x419c']]	0
0x5a570x5d42	['RETURNDATA', '0x5a420x5d42', ['0x5a50V0x5d42', '0x5a4fV0x5d42']]	0
0x5a570x6dcd	['RETURNDATA', '0x5a420x6dcd', ['0x5a50V0x6dcd', '0x5a4fV0x6dcd']]	0
