0x12a4	Error(string)
0x1611	Error(string)
0x1887	Error(string)
0x1929	Error(string)
0x19eb	Error(string)
0x1e6d	Error(string)
0x221e	Error(string)
0x2287	Error(string)
0x22e9	Error(string)
0x2377	Error(string)
0x2403	Error(string)
0x2600	Error(string)
0x2788	Error(string)
0x2995	Error(string)
0x2be0	Error(string)
0x2c82	Error(string)
0x3337	Error(string)
0x45c1	Error(string)
0x53ab	Error(string)
0x5420	Error(string)
0x5ac1	Error(string)
0x60e5	Error(string)
0x66bc	Error(string)
0x67e9	Error(string)
0x69ac	Error(string)
0x71de	Error(string)
0x1c800x66b	matchTokenOrderByAdmin_MYmNxE()
0x1c800x66b	unlock_98ABD3()
0x1c800x66b	Error(string)
0x1fc20x847	Error(string)
0x20640x847	Error(string)
0x42fe0x2087	Error(string)
0x48250x27e5	Error(string)
0x4ee00x2d2f	Error(string)
0x4fe70x2d41	Error(string)
0x50f10x2dda	Error(string)
0x1c800x1afe0x22ea	Error(string)
0x61a50x4726	Error(string)
0x71250x5fa5	Error(string)
0x40300x1d750x6fb	Error(string)
